<?xml version="1.0" encoding="utf-8"?>
<social type="fields" group="project">
    <name>Videos</name>
    <element>videos</element>
    <author>Stack Ideas Sdn Bhd</author>
    <url>http://stackideas.com</url>
    <created>02/08/2015</created>
    <version>1.4.0</version>
    <copyright>Copyright (c) 2009 - 2015 Stack Ideas Sdn. Bhd.</copyright>
    <license>http://www.gnu.org/licenses/gpl-2.0.html GNU/GPL</license>
    <description><![CDATA[PLG_FIELDS_PROJECT_VIDEOS_INFO]]></description>
    <core>true</core>
    <unique>true</unique>
    <files>
        <folder>config</folder>
        <folder>themes</folder>
        <file>videos.php</file>
        <file>videos.xml</file>
    </files>
    <updates>
        <version>http://stackideas.com/updater/easysocial/fields/version</version>
        <patch>http://stackideas.com/updater/easysocial/fields/patch</patch>
    </updates>
</social>
