<?xml version="1.0" encoding="utf-8"?>
<social type="fields" group="project">
    <name>Config - Allow Maybe</name>
    <element>configAllowMaybe</element>
    <author>Stack Ideas Sdn Bhd</author>
    <url>http://stackideas.com</url>
    <created>30/6/2014</created>
    <version>1.0.0</version>
    <copyright>Copyright (c) 2009 - 2014 Stack Ideas Sdn. Bhd.</copyright>
    <license>http://www.gnu.org/licenses/gpl-2.0.html GNU/GPL</license>
    <description>
        <![CDATA[FIELDS_PROJECT_CONFIGALLOWMAYBE_INFO]]>
    </description>
    <core>true</core>
    <unique>true</unique>
    <files>
        <folder>config</folder>
        <folder>themes</folder>
        <file>configAllowMaybe.php</file>
        <file>configAllowMaybe.xml</file>
    </files>
    <updates>
        <version>http://stackideas.com/updater/easysocial/fields/version</version>
        <patch>http://stackideas.com/updater/easysocial/fields/patch</patch>
    </updates>
</social>
