<?xml version="1.0" encoding="utf-8"?>
<social type="apps" group="group">
	<name>Discussions</name>
	<element>discussions</element>
	<author>Stack Ideas Sdn Bhd</author>
	<url>http://stackideas.com</url>
	<created>05/11/2013</created>
	<version>1.0.204</version>
	<copyright>Copyright (C) 2010 - 2014 Stack Ideas Sdn Bhd</copyright>
	<license>http://www.gnu.org/licenses/gpl-2.0.html GNU/GPL</license>
	<installable>true</installable>
	<core>false</core>
	<views>
		<view type="embed">groups</view>
	</views>
	<widget>true</widget>
	<description><![CDATA[APP_GROUP_NEWS_APP_DESCRIPTION]]></description>
	<files>
		<folder>assets</folder>
		<folder>config</folder>
		<folder>controllers</folder>
		<folder>hooks</folder>
		<folder>themes</folder>
		<folder>views</folder>
		<folder>widgets</folder>
		<file>discussions.php</file>
		<file>discussions.xml</file>
		<file>index.html</file>
	</files>
</social>
