<?xml version="1.0" encoding="utf-8"?>
<social type="apps" group="group">
	<name>Story</name>
	<element>story</element>
	<author>Stack Ideas Sdn Bhd</author>
	<url>http://stackideas.com</url>
	<created>19/08/2013</created>
	<version>1.0.384</version>
	<copyright>Copyright (C) 2010 - 2014 Stack Ideas Sdn Bhd</copyright>
	<license>http://www.gnu.org/licenses/gpl-2.0.html GNU/GPL</license>
	<installable>false</installable>
	<core>true</core>
	<system>true</system>
	<widget>false</widget>
	<description><![CDATA[APP_GROUP_STORY_APP_DESCRIPTION]]></description>
	<widget>true</widget>
	<files>
		<folder>assets</folder>
		<folder>hooks</folder>
		<folder>themes</folder>
		<file>index.html</file>
		<file>story.php</file>
		<file>story.xml</file>
	</files>
</social>
