[
    {
        "title": "APP_PROJECT_DISCUSSIONS_SETTINGS_PROJECT_VIEW",
        "desc": "APP_PROJECT_DISCUSSIONS_SETTINGS_PROJECT_VIEW_DESC",
        "fields":
        [
            {
                "label": "APP_PROJECT_DISCUSSIONS_SETTINGS_PROJECT_TOTAL_DISCUSSIONS",
                "tooltip": "APP_PROJECT_DISCUSSIONS_SETTINGS_PROJECT_TOTAL_DISCUSSIONS_DESC",
                "name": "total",
                "class": "input-mini center",
                "type": "text",
                "default": 10
            },
            {
                "label": "APP_PROJECT_DISCUSSIONS_SETTINGS_PROJECT_DISPLAY_HITS",
                "tooltip": "APP_PROJECT_DISCUSSIONS_SETTINGS_PROJECT_DISPLAY_HITS_DESC",
                "name": "display_total_hits",
                "type": "boolean",
                "default": true
            },
            {
                "label": "APP_PROJECT_DISCUSSIONS_SETTINGS_PROJECT_DISPLAY_REPLIES",
                "tooltip": "APP_PROJECT_DISCUSSIONS_SETTINGS_PROJECT_DISPLAY_REPLIES_DESC",
                "name": "display_total_replies",
                "type": "boolean",
                "default": true
            },
            {
                "label": "APP_PROJECT_DISCUSSIONS_SETTINGS_PROJECT_DISPLAY_STARTED_BY",
                "tooltip": "APP_PROJECT_DISCUSSIONS_SETTINGS_PROJECT_DISPLAY_STARTED_BY_DESC",
                "name": "display_started_by",
                "type": "boolean",
                "default": true
            },
            {
                "label": "APP_PROJECT_DISCUSSIONS_SETTINGS_PROJECT_DISPLAY_LAST_REPLIED",
                "tooltip": "APP_PROJECT_DISCUSSIONS_SETTINGS_PROJECT_DISPLAY_LAST_REPLIED_DESC",
                "name": "display_last_replied",
                "type": "boolean",
                "default": true
            }
        ]
    },
    {
        "title": "APP_PROJECT_DISCUSSIONS_SETTINGS_ITEM_VIEW",
        "desc": "APP_PROJECT_DISCUSSIONS_SETTINGS_ITEM_VIEW_DESC",
        "fields":
        [
            {
                "label": "APP_PROJECT_DISCUSSIONS_SETTINGS_ITEM_DISPLAY_STATS",
                "tooltip": "APP_PROJECT_DISCUSSIONS_SETTINGS_ITEM_DISPLAY_STATS_DESC",
                "name": "stats_sidebar",
                "type": "boolean",
                "default": true
            },
            {
                "label": "APP_PROJECT_DISCUSSIONS_SETTINGS_ITEM_DISPLAY_PARTICIPANTS",
                "tooltip": "APP_PROJECT_DISCUSSIONS_SETTINGS_ITEM_DISPLAY_PARTICIPANTS_DESC",
                "name": "participants_sidebar",
                "type": "boolean",
                "default": true
            }
        ]
    },
    {
        "title": "APP_PROJECT_DISCUSSIONS_SETTINGS_STREAM_VIEW",
        "desc": "APP_PROJECT_DISCUSSIONS_SETTINGS_STREAM_VIEW_DESC",
        "fields":
        [
            {
                "label": "APP_PROJECT_DISCUSSIONS_SETTINGS_STREAM_CONTENT_LENGTH",
                "tooltip": "APP_PROJECT_DISCUSSIONS_SETTINGS_STREAM_CONTENT_LENGTH_DESC",
                "name": "stream_length",
                "class": "input-mini center",
                "type": "text",
                "default": 250
            },
            {
                "label": "APP_PROJECT_DISCUSSIONS_SETTINGS_STREAM_CREATE_DISCUSSION",
                "tooltip": "APP_PROJECT_DISCUSSIONS_SETTINGS_STREAM_CREATE_DISCUSSION_DESC",
                "name": "stream_create",
                "type": "boolean",
                "default": true
            },
            {
                "label": "APP_PROJECT_DISCUSSIONS_SETTINGS_STREAM_REPLY_DISCUSSION",
                "tooltip": "APP_PROJECT_DISCUSSIONS_SETTINGS_STREAM_REPLY_DISCUSSION_DESC",
                "name": "stream_reply",
                "type": "boolean",
                "default": true
            },
            {
                "label": "APP_PROJECT_DISCUSSIONS_SETTINGS_STREAM_ANSWERED_DISCUSSION",
                "tooltip": "APP_PROJECT_DISCUSSIONS_SETTINGS_STREAM_ANSWERED_DISCUSSION_DESC",
                "name": "stream_answered",
                "type": "boolean",
                "default": true
            },
            {
                "label": "APP_PROJECT_DISCUSSIONS_SETTINGS_STREAM_LOCK_DISCUSSION",
                "tooltip": "APP_PROJECT_DISCUSSIONS_SETTINGS_STREAM_LOCK_DISCUSSION_DESC",
                "name": "stream_lock",
                "type": "boolean",
                "default": true
            }
        ]
    }
]
