[
    {
        "title": "COM_EASYSOCIAL_APPS_SETTINGS_STREAM",
        "desc": "COM_EASYSOCIAL_APPS_SETTINGS_STREAM_DESC",
        "fields":
        [
            {
                "label": "APP_PROJECT_PROJECTS_SETTINGS_STREAM_CREATE_PROJECT",
                "tooltip": "APP_PROJECT_PROJECTS_SETTINGS_STREAM_CREATE_PROJECT_DESC",
                "name": "stream_create",
                "type": "boolean",
                "default": true
            },
            {
                "label": "APP_PROJECT_PROJECTS_SETTINGS_STREAM_UPDATE_PROJECT",
                "tooltip": "APP_PROJECT_PROJECTS_SETTINGS_STREAM_UPDATE_PROJECT_DESC",
                "name": "stream_update",
                "type": "boolean",
                "default": true
            },
            {
                "label": "APP_PROJECT_PROJECTS_SETTINGS_STREAM_FEATURED_PROJECT",
                "tooltip": "APP_PROJECT_PROJECTS_SETTINGS_STREAM_FEATURED_PROJECT_DESC",
                "name": "stream_feature",
                "type": "boolean",
                "default": true
            }
        ]
    }
]
