[
	{
		"title"		: "COM_EASYSOCIAL_APPS_SETTINGS_STREAM",
		"desc"		: "COM_EASYSOCIAL_APPS_SETTINGS_STREAM_DESC",
		"fields"	:
		[
			{
				"label"		: "COM_EASYSOCIAL_APPS_SETTINGS_DISPLAY_STREAM_FILTER",
				"tooltip"		: "COM_EASYSOCIAL_APPS_SETTINGS_DISPLAY_STREAM_FILTER_DESC",
				"name"		: "stream_filter",
				"type" 		: "boolean",
				"default"	: true
			},
			{
				"label"		: "APP_USER_K2_STREAM_CREATE",
				"tooltip"	: "APP_USER_K2_STREAM_CREATE_DESC",
				"name"		: "stream_create",
				"type"		: "boolean",
				"default"	: true
			},
			{
				"label"		: "APP_USER_K2_STREAM_UPDATE",
				"tooltip"	: "APP_USER_K2_STREAM_UPDATE_DESC",
				"name"		: "stream_update",
				"type"		: "boolean",
				"default"	: false
			},
			{
				"label"		: "APP_USER_K2_STREAM_READ",
				"tooltip"	: "APP_USER_K2_STREAM_READ_DESC",
				"name"		: "stream_read",
				"type"		: "boolean",
				"default"	: false
			},
			{
				"label"		: "APP_USER_K2_STREAM_CONTENT_LENGTH",
				"tooltip"	: "APP_USER_K2_STREAM_CONTENT_LENGTH_DESC",
				"name"		: "stream_content_length",
				"type"		: "limit",
				"default"	: 0
			}
		]
	},
	{
		"title"		: "COM_EASYSOCIAL_APPS_SETTINGS_PROFILE_VIEW",
		"desc"		: "COM_EASYSOCIAL_APPS_SETTINGS_PROFILE_VIEW_DESC",
		"fields"	:
		[
			{
				"label"		: "APP_USER_K2_PROFILE_TOTAL_ITEMS",
				"tooltip"	: "APP_USER_K2_PROFILE_TOTAL_ITEMS_DESC",
				"name"		: "total",
				"class"		: "input-short text-center",
				"type"		: "text",
				"default"	: 5
			},
			{
				"label"		: "APP_USER_K2_PROFILE_TITLE_LENGTH",
				"tooltip"	: "APP_USER_K2_PROFILE_TITLE_LENGTH_DESC",
				"name"		: "title_length",
				"type"		: "limit",
				"default"	: 0
			},
			{
				"label"		: "APP_USER_K2_PROFILE_CONTENT_LENGTH",
				"tooltip"	: "APP_USER_K2_PROFILE_CONTENT_LENGTH_DESC",
				"name"		: "content_length",
				"type"		: "limit",
				"default"	: 0
			}
		]
	}
]
