<?xml version="1.0" encoding="utf-8"?>
<social type="fields" group="user">
	<name>Dropdown List</name>
	<element>dropdown</element>
	<author>Stack Ideas Sdn Bhd</author>
	<url>http://stackideas.com</url>
	<created>23/08/2013</created>
	<version>1.0.0</version>
	<copyright>Copyright (c) 2009 - 2013 Stack Ideas Sdn. Bhd.</copyright>
	<license>http://www.gnu.org/licenses/gpl-2.0.html GNU/GPL</license>
	<description><![CDATA[PLG_FIELDS_DROPDOWN_INFO]]></description>
	<core>false</core>
	<unique>false</unique>
	<files>
		<folder>config</folder>
		<folder>themes</folder>
		<file>dropdown.php</file>
		<file>dropdown.xml</file>
		<file>index.html</file>
	</files>
	<updates>
		<version>http://stackideas.com/updater/easysocial/fields/version</version>
		<patch>http://stackideas.com/updater/easysocial/fields/patch</patch>
	</updates>
</social>
