<?xml version="1.0" encoding="utf-8"?>
<social type="apps" group="group">
    <name>Projects</name>
    <element>projects</element>
    <author>Stack Ideas Sdn Bhd</author>
    <url>http://stackideas.com</url>
    <created>9/10/2014</created>
    <version>1.0.241</version>
    <copyright>Copyright (C) 2010 - 2014 Stack Ideas Sdn Bhd</copyright>
    <license>http://www.gnu.org/licenses/gpl-2.0.html GNU/GPL</license>
    <installable>false</installable>
    <core>true</core>
    <widget>true</widget>
    <system>false</system>
    <description><![CDATA[APP_GROUP_PROJECTS_APP_DESCRIPTION]]></description>
    <files>
		<folder>assets</folder>
		<folder>config</folder>
		<folder>themes</folder>
		<folder>views</folder>
		<folder>widgets</folder>
		<file>projects.php</file>
		<file>projects.xml</file>
	</files>
</social>
