<?xml version="1.0" encoding="utf-8"?>
<extension version="3.1" type="module" client="site" method="upgrade">
	<name>EasySocial Dropdown Menu</name>
	<author>Stack Ideas Sdn Bhd</author>
	<creationDate>31st January 2016</creationDate>
	<copyright>Copyright (C) 2009 - 2013 Stack Ideas Sdn Bhd. All rights reserved.</copyright>
	<license>GNU General Public License version 2 or later; see LICENSE.txt</license>
	<authorEmail>support@stackideas.com</authorEmail>
	<authorUrl>http://stackideas.com</authorUrl>
	<version>1.4.7</version>
	<description><![CDATA[MOD_EASYSOCIAL_DROPDOWN_MENU_DESC]]></description>
	<files>
		<folder>styles</folder>
		<folder>tmpl</folder>
		<filename>helper.php</filename>
		<filename>index.html</filename>
		<filename module="mod_easysocial_dropdown_menu">mod_easysocial_dropdown_menu.php</filename>
		<filename>mod_easysocial_dropdown_menu.xml</filename>
	</files>
	<languages>
		<language tag="en-GB">en-GB.mod_easysocial_dropdown_menu.ini</language>
		<language tag="en-GB">en-GB.mod_easysocial_dropdown_menu.sys.ini</language>
	</languages>
	<config>
		<fields name="params">
			<fieldset name="basic">
				<field name="show_my_profile" type="radio" class="btn-group" default="1" label="MOD_EASYSOCIAL_DROPDOWN_MENU_SHOW_MY_PROFILE" description="MOD_EASYSOCIAL_DROPDOWN_MENU_SHOW_MY_PROFILE_DESC">
					<option value="0">JNO</option>
					<option value="1">JYES</option>
				</field>
				<field name="show_account_settings" type="radio" class="btn-group" default="1" label="MOD_EASYSOCIAL_DROPDOWN_MENU_SHOW_ACCOUNT_SETTINGS" description="MOD_EASYSOCIAL_DROPDOWN_MENU_SHOW_ACCOUNT_SETTINGS_DESC">
					<option value="0">JNO</option>
					<option value="1">JYES</option>
				</field>
				<field name="loginreturn" type="menuitem" disable="separator" label="MOD_EASYSOCIAL_DROPDOWN_MENU_LOGIN_REDIRECTION" description="MOD_EASYSOCIAL_DROPDOWN_MENU_LOGIN_REDIRECTION_DESC">
					<option value="">JDEFAULT</option>
				</field>
				<field name="show_sign_in" type="radio" class="btn-group" default="1" label="MOD_EASYSOCIAL_DROPDOWN_MENU_SHOW_SIGN_IN" description="MOD_EASYSOCIAL_DROPDOWN_MENU_SHOW_SIGN_IN_DESC">
					<option value="0">JNO</option>
					<option value="1">JYES</option>
				</field>
				<field name="show_sign_out" type="radio" class="btn-group" default="1" label="MOD_EASYSOCIAL_DROPDOWN_MENU_SHOW_SIGN_OUT" description="MOD_EASYSOCIAL_DROPDOWN_MENU_SHOW_SIGN_OUT_DESC">
					<option value="0">JNO</option>
					<option value="1">JYES</option>
				</field>
				<field name="render_menus" type="radio" class="btn-group" default="1" label="MOD_EASYSOCIAL_DROPDOWN_MENU_LOAD_MENUS" description="MOD_EASYSOCIAL_DROPDOWN_MENU_LOAD_MENUS_DESC">
					<option value="0">JNO</option>
					<option value="1">JYES</option>
				</field>
				<field name="menu_type" type="menu" default="" label="MOD_EASYSOCIAL_DROPDOWN_MENU_SELECT_MENU" description="MOD_EASYSOCIAL_DROPDOWN_MENU_SELECT_MENU_DESC"></field>
                <field name="popbox_position" type="list" default="bottom" label="MOD_EASYSOCIAL_DROPDOWN_MENU_POPBOX_POSITION" description="MOD_EASYSOCIAL_DROPDOWN_MENU_POPBOX_POSITION_DESC">
                    <option value="top">top</option>
                    <option value="top-left">top-left</option>
                    <option value="top-right">top-right</option>
                    <option value="bottom">bottom</option>
                    <option value="bottom-left">bottom-left</option>
                    <option value="bottom-right">bottom-right</option>
                    <option value="left">left</option>
                    <option value="left-top">left-top</option>
                    <option value="left-bottom">left-bottom</option>
                    <option value="right">right</option>
                    <option value="right-top">right-top</option>
                    <option value="right-bottom">right-bottom</option>
                </field>
                <field name="popbox_collision" type="list" default="flip" label="MOD_EASYSOCIAL_DROPDOWN_MENU_POPBOX_COLLISION" description="MOD_EASYSOCIAL_DROPDOWN_MENU_POPBOX_COLLISION_DESC">
                    <option value="none">none</option>
                    <option value="flip">flip</option>
                    <option value="flip none">flip horizontal</option>
                    <option value="none flip">flip vertical</option>
                </field>
                <field name="popbox_offset" class="input-mini text-center" type="text" default="10" label="MOD_EASYSOCIAL_DROPDOWN_MENU_POPBOX_OFFSET" description="MOD_EASYSOCIAL_DROPDOWN_MENU_POPBOX_OFFSET_DESC" />
                <field name="register_button" type="radio" class="btn-group" default="1" label="MOD_EASYSOCIAL_DROPDOWN_MENU_REGISTER_BUTTON" description="MOD_EASYSOCIAL_DROPDOWN_MENU_REGISTER_BUTTON_DESC">
                    <option value="0">JNO</option>
                    <option value="1">JYES</option>
                </field>
                <field name="remember_me_style" type="list" default="visible_checked" label="MOD_EASYSOCIAL_DROPDOWN_MENU_REMEMBER_ME_STYLE" description="MOD_EASYSOCIAL_DROPDOWN_MENU_REMEMBER_ME_STYLE_DESC" >
                    <option value="visible_checked">MOD_EASYSOCIAL_DROPDOWN_MENU_VISIBLE_CHECKED</option>
                    <option value="visible">MOD_EASYSOCIAL_DROPDOWN_MENU_VISIBLE</option>
                    <option value="hidden_checked">MOD_EASYSOCIAL_DROPDOWN_MENU_HIDDEN_CHECKED</option>
                    <option value="hidden">MOD_EASYSOCIAL_DROPDOWN_MENU_HIDDEN</option>
                </field>
				<field name="use_secure_url" type="radio" class="btn-group" default="0" label="MOD_EASYSOCIAL_DROPDOWN_MENU_USE_SECURE_URL" description="MOD_EASYSOCIAL_DROPDOWN_MENU_USE_SECURE_URL_DESC">
					<option value="0">JNO</option>
					<option value="1">JYES</option>
				</field>
			</fieldset>
			<fieldset name="advanced">
				<field name="layout" type="modulelayout" label="JFIELD_ALT_LAYOUT_LABEL" description="JFIELD_ALT_MODULE_LAYOUT_DESC" />
				<field name="moduleclass_sfx" type="textarea" rows="3" label="COM_MODULES_FIELD_MODULECLASS_SFX_LABEL" description="COM_MODULES_FIELD_MODULECLASS_SFX_DESC" />
				<field name="cache" type="list" default="0" label="COM_MODULES_FIELD_CACHING_LABEL" description="COM_MODULES_FIELD_CACHING_DESC">
					<option value="1">JGLOBAL_USE_GLOBAL</option>
					<option value="0">COM_MODULES_FIELD_VALUE_NOCACHING</option>
				</field>
			</fieldset>
		</fields>
	</config>

</extension>
