<?xml version="1.0" encoding="utf-8"?>
<social type="apps" group="event">
	<name>Polls</name>
	<element>polls</element>
	<author>Stack Ideas Sdn Bhd</author>
	<url>http://stackideas.com</url>
	<created>02/04/2015</created>
	<version>1.0.46</version>
	<copyright>Copyright (C) 2010 - 2013 Stack Ideas Sdn Bhd</copyright>
	<license>http://www.gnu.org/licenses/gpl-2.0.html GNU/GPL</license>
	<core>true</core>
	<installable>false</installable>
	<default>true</default>
	<widget>false</widget>
	<description><![CDATA[APP_POLLS_APP_DESCRIPTION]]></description>
	<files>
		<folder>assets</folder>
		<folder>config</folder>
		<folder>hooks</folder>
		<folder>themes</folder>
		<folder>views</folder>
		<file>helper.php</file>
		<file>index.html</file>
		<file>polls.php</file>
		<file>polls.xml</file>
		<file>story.js</file>
	</files>
	<updates>
		<version>1.0.46</version>
		<patch>http://stackideas.com/updater/easysocial/apps/patch</patch>
	</updates>
</social>
