<?xml version="1.0" encoding="utf-8"?>
<extension version="3.1" type="module" client="site" method="upgrade">
	<name>EasySocial Project Menu</name>
	<author>Stack Ideas Sdn Bhd</author>
	<creationDate>31st January 2016</creationDate>
	<copyright>Copyright (C) 2009 - 2013 Stack Ideas Sdn Bhd. All rights reserved.</copyright>
	<license>GNU General Public License version 2 or later; see LICENSE.txt</license>
	<authorEmail>support@stackideas.com</authorEmail>
	<authorUrl>http://stackideas.com</authorUrl>
	<version>1.4.7</version>
	<description><![CDATA[MOD_EASYSOCIAL_PROJECT_MENU_DESC]]></description>
	<files>
		<folder>scripts</folder>
		<folder>styles</folder>
		<folder>tmpl</folder>
		<filename>helper.php</filename>
		<filename module="mod_easysocial_project_menu">mod_easysocial_project_menu.php</filename>
		<filename>mod_easysocial_project_menu.xml</filename>
	</files>
	<languages>
		<language tag="en-GB">en-GB.mod_easysocial_project_menu.ini</language>
		<language tag="en-GB">en-GB.mod_easysocial_project_menu.sys.ini</language>
	</languages>
	<config>
		<fields name="params">
			<fieldset name="basic">
				<field name="show_avatar" type="radio" class="btn-group" default="1" label="MOD_EASYSOCIAL_PROJECT_MENU_SHOW_AVATAR" description="MOD_EASYSOCIAL_PROJECT_MENU_SHOW_AVATAR_DESC">
					<option value="0">JNO</option>
					<option value="1">JYES</option>
				</field>
				<field name="show_name" type="radio" class="btn-group" default="1" label="MOD_EASYSOCIAL_PROJECT_MENU_SHOW_NAME" description="MOD_EASYSOCIAL_PROJECT_MENU_SHOW_NAME_DESC">
					<option value="0">JNO</option>
					<option value="1">JYES</option>
				</field>
				<field name="show_members" type="radio" class="btn-group" default="1" label="MOD_EASYSOCIAL_PROJECT_MENU_SHOW_MEMBERS_COUNT" description="MOD_EASYSOCIAL_PROJECT_MENU_SHOW_MEMBERS_COUNT_DESC">
					<option value="0">JNO</option>
					<option value="1">JYES</option>
				</field>
				<field name="show_edit" type="radio" class="btn-group" default="1" label="MOD_EASYSOCIAL_PROJECT_MENU_SHOW_EDIT" description="MOD_EASYSOCIAL_PROJECT_MENU_SHOW_EDIT_DESC">
					<option value="0">JNO</option>
					<option value="1">JYES</option>
				</field>
				<field name="show_pending" type="radio" class="btn-group" default="1" label="MOD_EASYSOCIAL_PROJECT_MENU_SHOW_PENDING" description="MOD_EASYSOCIAL_PROJECT_MENU_SHOW_PENDING_DESC">
					<option value="0">JNO</option>
					<option value="1">JYES</option>
				</field>
				<field name="show_apps" type="radio" class="btn-group" default="1" label="MOD_EASYSOCIAL_PROJECT_MENU_SHOW_APPS" description="MOD_EASYSOCIAL_PROJECT_MENU_SHOW_APPS_DESC">
					<option value="0">JNO</option>
					<option value="1">JYES</option>
				</field>
			</fieldset>
			<fieldset name="advanced">
				<field name="layout" type="modulelayout" label="JFIELD_ALT_LAYOUT_LABEL" description="JFIELD_ALT_MODULE_LAYOUT_DESC" />
				<field name="moduleclass_sfx" type="textarea" rows="3" label="COM_MODULES_FIELD_MODULECLASS_SFX_LABEL" description="COM_MODULES_FIELD_MODULECLASS_SFX_DESC" />
				<field name="cache" type="list" default="0" label="COM_MODULES_FIELD_CACHING_LABEL" description="COM_MODULES_FIELD_CACHING_DESC">
					<option value="1">JGLOBAL_USE_GLOBAL</option>
					<option value="0">COM_MODULES_FIELD_VALUE_NOCACHING</option>
				</field>
			</fieldset>
		</fields>
	</config>

</extension>
