<?xml version="1.0" encoding="utf-8"?>
<social type="fields" group="group">
    <name>URL</name>
    <element>url</element>
    <author>Stack Ideas Sdn Bhd</author>
    <url>http://stackideas.com</url>
    <created>23/08/2013</created>
    <version>1.0.0</version>
    <copyright>Copyright (c) 2009 - 2013 Stack Ideas Sdn. Bhd.</copyright>
    <license>http://www.gnu.org/licenses/gpl-2.0.html GNU/GPL</license>
    <description><![CDATA[PLG_FIELDS_GROUP_URL_INFO]]></description>
    <core>false</core>
    <unique>false</unique>
    <files>
        <folder>config</folder>
        <folder>scripts</folder>
        <folder>themes</folder>
        <folder>widgets</folder>
        <file>url.php</file>
        <file>url.xml</file>
    </files>
    <updates>
        <version>http://stackideas.com/updater/easysocial/fields/version</version>
        <patch>http://stackideas.com/updater/easysocial/fields/patch</patch>
    </updates>
</social>
