<?xml version="1.0" encoding="utf-8"?>
<social type="fields" group="event">
    <name>Photos</name>
    <element>photos</element>
    <author>Stack Ideas Sdn Bhd</author>
    <url>http://stackideas.com</url>
    <created>1/5/2014</created>
    <version>1.0.0</version>
    <copyright>Copyright (c) 2009 - 2014 Stack Ideas Sdn. Bhd.</copyright>
    <license>http://www.gnu.org/licenses/gpl-2.0.html GNU/GPL</license>
    <description>
        <![CDATA[FIELDS_EVENT_PHOTOS_INFO]]>
    </description>
    <core>true</core>
    <unique>true</unique>
    <widget>false</widget>
    <files>
        <folder>config</folder>
        <folder>themes</folder>
        <file>photos.php</file>
        <file>photos.xml</file>
    </files>
    <updates>
        <version>http://stackideas.com/updater/easysocial/fields/version</version>
        <patch>http://stackideas.com/updater/easysocial/fields/patch</patch>
    </updates>
</social>
