<?xml version="1.0" encoding="utf-8"?>
<social type="apps" group="project">
	<name>Videos</name>
	<element>videos</element>
	<author>Stack Ideas Sdn Bhd</author>
	<url>http://stackideas.com</url>
	<created>19/05/2015</created>
	<version>1.4.45</version>
	<copyright>Copyright (C) 2010 - 2015 Stack Ideas Sdn Bhd</copyright>
	<license>http://www.gnu.org/licenses/gpl-2.0.html GNU/GPL</license>
	<description><![CDATA[APP_VIDEOS_APP_DESCRIPTION]]></description>
	<installable>false</installable>
	<core>true</core>
	<widget>true</widget>
	<system>false</system>
	<files>
		<folder>assets</folder>
		<folder>config</folder>
		<folder>controllers</folder>
		<folder>hooks</folder>
		<folder>themes</folder>
		<folder>widgets</folder>
		<file>index.html</file>
		<file>videos.php</file>
		<file>videos.xml</file>
	</files>
</social>
