<?xml version="1.0" encoding="utf-8"?>
<social type="fields" group="user">
	<name>Mailchimp</name>
	<element>mailchimp</element>
	<author>Stack Ideas Sdn Bhd</author>
	<url>http://stackideas.com</url>
	<created>25th May 2011</created>
	<version>1.0</version>
	<copyright>Copyright (c) 2009 - 2014 Stack Ideas Sdn Bhd.</copyright>
	<description><![CDATA[PLG_FIELDS_USER_MAILCHIMP_INFO]]></description>
	<core>false</core>
	<unique>true</unique>
	<files>
		<folder>config</folder>
		<folder>scripts</folder>
		<folder>themes</folder>
		<folder>widgets</folder>
		<file>mailchimp.php</file>
		<file>mailchimp.xml</file>
	</files>
	<updates>
		<version>http://stackideas.com/updater/easysocial/fields/version</version>
		<patch>http://stackideas.com/updater/easysocial/fields/patch</patch>
	</updates>
</social>
