{"alerts":{"paths":["admin","site","apps","fields","plugins","modules"]},"general":{"key":"","ajaxindex":true,"environment":"static","mode":"compressed","inline":false,"super":false,"profiler":false,"logger":false,"site":{"loginemail":true,"login":"","logout":"","lockdown":{"enabled":false,"registration":false},"twofactor":false},"url":{"purge":true,"interval":"1"},"cron":{"secure":false,"key":"","limit":20},"location":{"language":"en","proximity":{"unit":"mile"}},"cdn":{"enabled":false,"url":"","passive":false}},"groups":{"enabled":true,"stream":{"create":true},"invite":{"nonfriends":false},"item":{"display":"timeline"}},"antispam":{"recaptcha":{"public":"","private":""},"akismet":{"key":"dff980f9f600"},"mollom":{"public":"","private":"","servers":""}},"conversations":{"enabled":1,"limit":20,"akismet":1,"archiving":1,"editor":"","locations":1,"multiple":1,"nonfriend":false,"pagination":{"enabled":true,"limit":20,"toolbarlimit":5},"attachments":{"enabled":1,"types":["txt","jpg","png","gif","zip","pdf"],"maxsize":3,"storage":"media\/com_easysocial\/uploads\/conversations"},"layout":{"intro":200}},"email":{"html":1,"replyto":"","heading":{"company":"Stack Ideas Sdn Bhd"},"sender":{"email":"","name":""}},"links":{"cache":{"images":false,"location":"\/media\/com_easysocial\/cache\/links"}},"notifications":{"general":{"pagination":10},"broadcast":{"popup":true,"interval":15,"sticky":true,"period":8},"system":{"autoread":false,"enabled":true,"polling":30},"friends":{"enabled":true,"polling":30},"conversation":{"enabled":true,"polling":30}},"reports":{"enabled":true,"automation":true,"threshold":30,"maxip":5,"guests":false,"features":{"stream":true,"user":true,"comments":true},"notifications":{"moderators":true,"custom":false,"emails":""}},"storage":{"avatar":"joomla","photos":"joomla","files":"joomla","links":"joomla","videos":"joomla","joomla":{"limit":10},"amazon":{"access":"","secret":"","bucket":"","ssl":true,"limit":10,"delete":true,"region":"","class":""}},"photos":{"enabled":true,"quality":80,"downloads":true,"original":true,"import":{"exif":true},"popup":{"default":true},"storage":{"container":"\/media\/com_easysocial\/photos"},"uploader":{"maxsize":"32"},"pagination":{"photo":10,"album":10},"exif":["aperture","iso","exposure","copyright","camera"],"layout":{"size":"large","mode":"cover","pattern":"tile","threshold":128,"ratio":"4x3"}},"avatars":{"storage":{"container":"\/media\/com_easysocial\/avatars","default":"defaults","defaults":{"profiles":"profiles"},"user":"users","group":"group","event":"event","clusters":"clusters","profiles":"profiles"},"default":{"user":{"small":"\/media\/com_easysocial\/defaults\/avatars\/user\/small.png","medium":"\/media\/com_easysocial\/defaults\/avatars\/user\/medium.png","large":"\/media\/com_easysocial\/defaults\/avatars\/user\/large.png","square":"\/media\/com_easysocial\/defaults\/avatars\/user\/square.png"},"profiles":{"small":"\/media\/com_easysocial\/defaults\/avatars\/profiles\/small.png","medium":"\/media\/com_easysocial\/defaults\/avatars\/profiles\/medium.png","large":"\/media\/com_easysocial\/defaults\/avatars\/profiles\/large.png","square":"\/media\/com_easysocial\/defaults\/avatars\/profiles\/square.png"},"group":{"small":"\/media\/com_easysocial\/defaults\/avatars\/group\/small.png","medium":"\/media\/com_easysocial\/defaults\/avatars\/group\/medium.png","large":"\/media\/com_easysocial\/defaults\/avatars\/group\/large.png","square":"\/media\/com_easysocial\/defaults\/avatars\/group\/square.png"},"event":{"small":"\/media\/com_easysocial\/defaults\/avatars\/event\/small.png","medium":"\/media\/com_easysocial\/defaults\/avatars\/event\/medium.png","large":"\/media\/com_easysocial\/defaults\/avatars\/event\/large.png","square":"\/media\/com_easysocial\/defaults\/avatars\/event\/square.png"},"clusterscategory":{"small":"\/media\/com_easysocial\/defaults\/avatars\/clusterscategory\/small.png","medium":"\/media\/com_easysocial\/defaults\/avatars\/clusterscategory\/medium.png","large":"\/media\/com_easysocial\/defaults\/avatars\/clusterscategory\/large.png","square":"\/media\/com_easysocial\/defaults\/avatars\/clusterscategory\/square.png"}}},"connector":{"client":"curl"},"covers":{"storage":{"container":"\/media\/com_easysocial\/covers","default":"defaults","defaults":{"profiles":"profiles"},"user":"users","group":"group","event":"event","profiles":"profiles","clusters":"clusters"},"default":{"user":{"default":"\/media\/com_easysocial\/defaults\/covers\/user\/default.jpg"},"group":{"default":"\/media\/com_easysocial\/defaults\/covers\/group\/default.jpg"},"event":{"default":"\/media\/com_easysocial\/defaults\/covers\/event\/default.jpg"}}},"files":{"storage":{"container":"\/media\/com_easysocial\/files","fields":{"container":"fields","user":"user"},"conversations":{"container":"conversations"},"group":{"container":"groups"},"user":{"container":"users"},"comments":{"container":"comments"}}},"friends":{"invites":{"enabled":true},"list":{"enabled":true,"showEmpty":true},"stream":{"create":1}},"lists":{"display":{"limit":5},"stream":{"create":1}},"apps":{"browser":true,"tnc":{"required":true,"message":"COM_EASYSOCIAL_APPS_TNC"}},"layout":{"dashboard":{"apps":{"limit":5},"lists":{"limit":5}},"leaderboard":{"limit":20},"profile":{"apps":{"limit":15}},"spotlight":{},"groups":{}},"oauth":{"facebook":{"app":"","secret":"","pull":true,"push":true,"opengraph":{"enabled":true},"jfbconnect":{"enabled":false},"registration":{"enabled":false,"type":"simplified","profile":"1","avatar":true,"cover":true,"timeline":true,"totalTimeline":1},"username":"email"},"twitter":{"app":"","secret":"","registration":{"enabled":true,"avatar":true,"tweets":true,"totalTweets":true}},"myspace":{"app":"","secret":""}},"leaderboard":{"listings":{"admin":false}},"badges":{"enabled":true,"paths":["admin","site","apps","fields","plugins","modules"]},"followers":{"enabled":true},"points":{"enabled":true,"history":{"limit":60},"paths":["admin","site","apps","fields","plugins","modules"]},"profiles":{"stream":{"create":1,"update":1}},"registrations":{"enabled":1,"emailasusername":0,"change.selection":1,"email":{"password":true},"profiles":{"avatar":true,"showUsers":true,"usersCount":20,"showType":true},"steps":{"progress":1,"heading":1},"mini":{"mode":"quick","profile":"default"}},"stream":{"translations":{"bing":false,"explicit":false,"bingid":"","bingsecret":""},"aggregation":{"enabled":1,"duration":15},"rss":{"enabled":true},"timestamp":{"enabled":true},"bookmarks":{"enabled":true},"content":{"nofollow":false,"truncate":false,"truncatelength":250},"archive":{"enabled":false,"duration":6},"pin":{"enabled":true},"comments":{"enabled":true,"guestview":false},"follow":{"enabled":true},"likes":{"enabled":true},"repost":{"enabled":true},"sharing":{"enabled":true},"pagination":{"style":"loadmore","autoload":true,"pagelimit":10,"sort":"modified"},"story":{"mentions":true,"moods":true,"location":true,"entertosubmit":false},"updates":{"enabled":true,"interval":30},"actions":["likes","comments","repost"]},"activity":{"pagination":{"max":5,"limit":10}},"story":{"friends_enabled":1},"location":{"coords":"40.702147,-74.015794","provider":"maps","foursquare":{"clientid":"","clientsecret":""},"places":{"api":""},"maps":{"api":""}},"toolbar":{"display":true},"theme":{"site":"wireframe","site_base":"wireframe","admin":"default","admin_base":"default","apps":"default","fields":"default","compiler":{"mode":"off","use_absolute_uri":0,"allow_template_override":1}},"uploader":{"storage":{"container":"\/media\/com_easysocial\/tmp"}},"users":{"change_username":1,"display":{"profiletype":true},"displayName":"username","aliasName":"username","deleteLogic":"unpublish","simpleUrl":false,"avatarWebcam":true,"blocking":{"enabled":true},"reminder":{"enabled":false,"duration":30},"dashboard":{"start":"me"},"stream":{"login":1,"logout":1,"friend":1,"following":1,"profile":1},"listings":{"admin":false,"sorting":"latest","esadadmin":true},"indexer":{"name":"realname","email":false,"privacy":true},"profile":{"display":"timeline"}},"sharing":{"enabled":1,"vendors":{"email":1,"facebook":1,"twitter":1,"google":1,"live":1,"linkedin":1,"myspace":1,"vk":1,"stumbleupon":1,"digg":1,"tumblr":1,"evernote":1,"reddit":1,"delicious":1},"email":{"limit":10}},"access":{"paths":["admin","site","apps","fields","plugins","modules"]},"comments":{"reply":0,"maxlevel":3,"limit":5,"attachments":true,"resize":{"enabled":false,"width":"1024","height":"768"},"storage":"\/media\/com_easysocial\/comments","enter":"submit","submit":1,"smileys":true},"user":{"completeprofile":{"required":false,"strict":true,"action":"info"}},"events":{"stream":{"create":true},"startofweek":1,"enabled":true,"recurringlimit":50,"ical":true,"invite":{"nonfriends":false},"timeformat":"12h","listing":{"includefeatured":false,"includegroup":false},"item":{"display":"timeline"}},"video":{"enabled":true,"uploads":false,"embeds":true,"ffmpeg":"\/opt\/local\/bin\/ffmpeg","autoencode":true,"audiobitrate":"64k","size":"720","storage":{"container":"\/media\/com_easysocial\/videos"},"layout":{"item":{"recent":true,"total":5,"hits":true,"duration":true,"details":true,"tags":true}}}}