<?xml version="1.0" encoding="utf-8"?>
<social type="fields" group="user">
	<name>Virtuemart Vendor Field</name>
	<element>vmvendor</element>
	<author>Stack Ideas Sdn Bhd</author>
	<url>http://stackideas.com</url>
	<created>11/01/2013</created>
	<version>1.4.0</version>
	<copyright>Copyright (c) 2009 - 2015 Stack Ideas Sdn. Bhd.</copyright>
	<license>http://www.gnu.org/licenses/gpl-2.0.html GNU/GPL</license>
	<description><![CDATA[This app allows you to add virtuemart vendor fields into Easysocial]]></description>
	<core>false</core>
	<unique>false</unique>
	<files>
		<folder>config</folder>
		<folder>themes</folder>
		<file>vmvendor.php</file>
		<file>vmvendro.xml</file>
	</files>
	<updates>
		<version>http://stackideas.com/updater/easysocial/fields/version</version>
		<patch>http://stackideas.com/updater/easysocial/fields/patch</patch>
	</updates>
</social>
